Title,FirstName,MiddleName,LastName,Gender,EmailId,Handphone1,Handphone2,Landline
Mr,Manoj,N,,Male,a@b.com,1111111111,,
Mr,harish,k,,Male,a@b.com,2222222222,,
Mr,Alok,A,Pillai,Male,a@b.com,3333333333,,
Mr,Nishanth,G,P,Male,a@b.com,4444444444,,
Mr,Mahadev,ramesh,ramya,Male,a@b.com,5555555555,,
Mr,Vijay,Mohan,,Male,a@b.com,6666666666,,
Mr,Ajay,mohan,,Male,a@b.com,7777777777,,
Mr,Rhishab,Nair,thekkedath,Male,a@b.com,8888888888,,
Mr,Sujay,s,,Male,a@b.com,9999999999,,
Mr,Adhish,M,,Male,a@b.com,5050505050,,
Mr,Thamizh,kumaran,M,Male,a@b.com,12222222221,,
Mr,Sarma,M,,Male,a@b.com,13333333332,,
Mr,Mohit,Ramesh,,Male,a@b.com,14444444443,,
Mr,Balaji,V,,Male,a@b.com,15555555554,,
Mr,Shruthik,S,U,Male,a@b.com,16666666665,,
Mr,vinish,U,,Male,a@b.com,17777777776,,
Mr,Cibi,P,M,Male,a@b.com,18888888887,,
Mr,Manonmitha,T,,Male,a@b.com,19999999998,,
Ms,Shreya,Senthil,Kumar,Female,a@b.com,21111111109,,
Ms,Vedarithanya,,,Female,a@b.com,22222222220,,
Ms,devi,Sajeev,Vakayil,Female,a@b.com,23333333331,,
Ms,varthne,M,,Female,a@b.com,24444444442,,
Ms,Sneha,Rajalakshmi,A,Female,a@b.com,25555555553,,
Ms,Lakshmi,Shahithya,,Female,a@b.com,26666666664,,
Ms,Darshini,P,,Female,a@b.com,27777777775,,
Ms,Nidhi,R,Sathish,Female,a@b.com,28888888886,,
Ms,Kanishlakshitha,S,V,Female,a@b.com,29999999997,,
Ms,Shrisha,S,,Female,a@b.com,31111111108,,
Ms,vyas,M,,Female,a@b.com,32222222219,,
Ms,Kharunya,Devi,B,Female,a@b.com,33333333330,,
Mr,Kollipara,Dhaaksha,,Male,a@b.com,34444444441,,
Mr,Gourav,Pradhan,,Male,a@b.com,35555555552,,
Mr,Elilkumaran,K,,Male,a@b.com,36666666663,,
Mr,Nithin,R,,Male,a@b.com,37777777774,,
Mr,Rohan,Ramachandran,,Male,a@b.com,38888888885,,
Ms,Aishwarya,Jayakrishnan,,Female,a@b.com,39999999996,,
Mr,Abinaya,Alexander,,Male,a@b.com,41111111107,,
Mr,Agesthiya,A,,Male,a@b.com,2020202020,,
Ms,Aksedha,S,S,Female,a@b.com,43333333329,,
Ms,Kanishka,Sree,,Female,a@b.com,44444444440,,
Ms,Sanjana,Baskeran,,Female,a@b.com,45555555551,,
Ms,Trishla,R,,Male,a@b.com,3030303030,,
Mr,Gautam,Balaji,,Male,a@b.com,47777777773,,
Mr,Kanishk,M,,Male,a@b.com,4040404040,,
Mr,Rithish,Anaikatti,ramesh,Male,a@b.com,49999999995,,
Mr,Roshan,K,,Male,a@b.com,5050505050,,
Mr,Sanjith,T,,Male,a@b.com,52222222217,,
Mr,Happyka,V,,Male,a@b.com,53333333328,,
